Product_Category,Purchase_Count,Total_Revenue,Average_Purchase
Books,19,5187.2,273.0105263157895
Clothing,17,4951.93,291.29
Electronics,14,4324.55,308.8964285714286
Home Appliances,20,3944.9300000000003,197.24650000000003
Sports,17,3847.35,226.31470588235294
Toys,13,2080.49,160.03769230769228
